tgl_panen_terakhir,tgl_panen,umur_tanaman,musim,jenis_tanah,jumlah_pemupukan,luas_lahan,jumlah_batang,hasil_panen
2023-05-15,2023-05-29,9,hujan,tanah liat,126,2.9,344,2.2
2023-03-15,2023-03-30,11,hujan,lempung,134,7.4,889,12.3
2023-08-16,2023-08-29,18,kemarau,lempung,262,6.5,781,7.7
2023-12-14,2023-12-27,19,kemarau,tanah liat,212,2.8,335,1.4
2023-01-16,2023-01-29,15,hujan,lempung,299,4.3,513,7.9
2023-03-14,2023-03-27,9,kemarau,tanah berpasir,126,1.1,137,0.9
2023-03-15,2023-03-30,7,kemarau,tanah berpasir,122,2.3,277,1.5
2023-10-15,2023-10-29,8,kemarau,tanah berpasir,149,3.6,435,3.8
2023-02-16,2023-02-28,15,hujan,tanah berpasir,134,5.6,676,9.1
2023-03-16,2023-03-29,8,kemarau,tanah liat,107,9.3,1117,5.7
2023-09-15,2023-09-30,23,kemarau,tanah berpasir,489,2.4,286,3.3
2023-10-15,2023-10-30,17,hujan,tanah berpasir,253,1.6,188,1.4
2023-10-14,2023-10-29,8,kemarau,tanah berpasir,137,1.2,141,1.3
2023-10-14,2023-10-27,17,kemarau,tanah liat,218,8.7,1048,13.9
2023-04-14,2023-04-29,13,kemarau,lempung,256,6.4,767,8.9
2023-11-14,2023-11-29,9,hujan,lempung,138,7.9,952,13.4
2023-04-15,2023-04-28,13,kemarau,tanah berpasir,136,3.2,383,3.7
2023-07-16,2023-07-31,21,kemarau,lempung,442,6.3,758,6.8
2023-04-15,2023-04-30,21,hujan,tanah berpasir,406,8.7,1039,8.8
2023-06-15,2023-06-28,25,kemarau,lempung,404,9.4,1124,8.7
2023-05-16,2023-05-29,20,hujan,tanah berpasir,496,8.9,1072,5.7
2023-02-16,2023-02-28,7,hujan,lempung,134,8.4,1004,7.9
2023-04-14,2023-04-28,6,kemarau,lempung,133,8.0,954,3.6
2023-09-15,2023-09-28,15,kemarau,tanah berpasir,211,2.4,293,3.6
2023-11-15,2023-11-30,14,hujan,tanah berpasir,262,3.5,424,6.3
2023-02-14,2023-02-28,20,kemarau,tanah liat,485,9.9,1184,11.1
2023-07-16,2023-07-29,7,hujan,lempung,141,3.7,448,6.7
2023-01-15,2023-01-29,13,kemarau,tanah berpasir,297,5.6,672,4.5
2023-10-14,2023-10-28,9,kemarau,tanah berpasir,120,5.8,697,4.9
2023-09-16,2023-09-30,10,hujan,tanah liat,111,8.0,962,14.5
2023-06-14,2023-06-29,6,kemarau,lempung,115,3.5,424,1.5
2023-12-15,2023-12-29,11,kemarau,tanah berpasir,231,9.5,1137,13.4
2023-03-15,2023-03-29,14,kemarau,tanah berpasir,130,1.3,155,1.6
2023-10-14,2023-10-27,19,kemarau,tanah berpasir,255,1.8,210,0.9
2023-10-14,2023-10-28,12,hujan,lempung,298,7.9,953,9.3
2023-08-14,2023-08-27,16,hujan,tanah liat,292,5.4,644,12.9
2023-10-14,2023-10-27,22,hujan,lempung,124,7.1,847,5.2
2023-12-15,2023-12-29,16,hujan,tanah liat,268,7.1,847,10.2
2023-08-16,2023-08-29,11,kemarau,tanah liat,273,9.0,1079,7.8
2023-07-15,2023-07-28,15,hujan,tanah liat,233,9.9,1192,15.8
2023-02-14,2023-02-27,16,hujan,tanah berpasir,256,1.5,174,1.6
2023-03-16,2023-03-31,8,kemarau,tanah berpasir,135,4.5,535,2.1
2023-09-15,2023-09-30,24,hujan,tanah berpasir,429,4.1,489,8.4
2023-08-14,2023-08-28,19,hujan,tanah berpasir,108,8.3,993,15.9
2023-03-15,2023-03-30,17,hujan,tanah berpasir,219,4.4,530,6.1
2023-10-15,2023-10-30,14,kemarau,lempung,270,4.4,531,6.8
2023-06-15,2023-06-28,9,hujan,lempung,145,4.8,571,11.0
2023-05-15,2023-05-29,18,kemarau,lempung,283,8.3,1001,8.1
2023-02-14,2023-02-28,21,kemarau,lempung,488,9.3,1110,13.1
2023-03-16,2023-03-31,18,kemarau,lempung,250,4.9,586,4.5
2023-01-15,2023-01-29,18,hujan,lempung,246,7.2,859,9.0
2023-09-16,2023-09-29,13,hujan,tanah liat,296,1.5,178,3.1
2023-01-15,2023-01-28,23,hujan,tanah liat,419,5.9,702,10.9
2023-03-15,2023-03-30,11,kemarau,lempung,146,2.5,302,2.4
2023-03-16,2023-03-29,13,hujan,lempung,297,8.0,965,16.3
2023-02-16,2023-02-28,14,hujan,tanah liat,268,8.2,980,9.6
2023-05-16,2023-05-29,19,kemarau,lempung,293,7.3,873,7.4
2023-12-16,2023-12-30,22,kemarau,lempung,499,5.2,621,4.3
2023-08-15,2023-08-29,20,hujan,tanah liat,462,2.7,327,2.2
2023-04-16,2023-04-30,25,hujan,tanah liat,408,5.6,667,12.0
2023-11-15,2023-11-30,11,hujan,tanah berpasir,270,7.7,927,7.7
2023-09-14,2023-09-27,22,kemarau,tanah berpasir,492,5.5,659,7.9
2023-10-16,2023-10-29,17,kemarau,tanah berpasir,213,2.7,324,1.6
2023-03-14,2023-03-27,22,hujan,tanah berpasir,476,4.6,550,5.5
2023-07-15,2023-07-29,8,kemarau,lempung,133,6.8,818,8.4
2023-04-15,2023-04-30,17,kemarau,tanah berpasir,114,5.2,629,2.3
2023-04-14,2023-04-29,15,kemarau,lempung,224,4.0,478,6.1
2023-12-14,2023-12-28,2,hujan,tanah berpasir,130,9.1,1086,16.4
2023-11-16,2023-11-29,7,hujan,tanah liat,147,5.7,683,11.9
2023-09-14,2023-09-27,9,kemarau,tanah berpasir,123,4.2,506,2.7
2023-08-15,2023-08-30,14,hujan,tanah berpasir,123,7.4,882,4.4
2023-05-14,2023-05-27,7,hujan,tanah liat,133,2.1,255,2.1
2023-10-15,2023-10-28,16,kemarau,tanah liat,259,6.8,810,3.1
2023-06-15,2023-06-30,8,kemarau,tanah berpasir,137,2.1,246,2.3
2023-10-14,2023-10-28,15,hujan,lempung,237,4.4,527,9.1
2023-06-14,2023-06-27,18,hujan,tanah liat,100,2.7,318,6.1
2023-01-15,2023-01-28,10,hujan,tanah berpasir,116,7.5,895,9.9
2023-03-14,2023-03-28,15,kemarau,tanah liat,278,8.8,1053,13.8
2023-01-16,2023-01-31,13,hujan,tanah berpasir,108,7.6,909,6.0
2023-08-14,2023-08-28,5,hujan,tanah liat,122,4.9,589,8.3
2023-06-16,2023-06-30,17,hujan,tanah liat,132,6.8,821,5.9
2023-09-14,2023-09-29,24,kemarau,lempung,489,8.8,1059,4.4
2023-03-15,2023-03-29,23,hujan,tanah liat,444,5.1,608,11.7
2023-12-15,2023-12-29,9,hujan,tanah berpasir,141,7.1,853,15.7
2023-07-16,2023-07-30,16,hujan,tanah liat,294,1.2,139,1.2
2023-09-16,2023-09-29,16,kemarau,tanah berpasir,141,9.7,1159,8.4
2023-04-16,2023-04-30,21,hujan,lempung,409,1.0,123,2.3
2023-03-16,2023-03-29,25,hujan,tanah berpasir,471,2.8,336,3.7
2023-10-16,2023-10-31,19,hujan,tanah liat,273,9.4,1131,11.6
2023-04-14,2023-04-27,19,kemarau,lempung,251,2.2,259,2.7
2023-08-14,2023-08-27,21,hujan,tanah liat,464,5.0,594,8.7
2023-07-16,2023-07-31,22,kemarau,tanah berpasir,481,3.0,355,1.3
2023-06-15,2023-06-30,20,kemarau,lempung,479,1.8,212,1.3
2023-02-16,2023-02-28,17,hujan,lempung,229,7.1,847,7.1
2023-06-15,2023-06-29,13,kemarau,tanah berpasir,247,4.8,579,4.3
2023-03-15,2023-03-28,10,hujan,tanah liat,112,7.1,855,8.9
2023-10-14,2023-10-27,25,kemarau,tanah liat,401,9.9,1184,5.5
2023-05-14,2023-05-29,12,kemarau,tanah liat,139,2.7,327,2.1
2023-03-14,2023-03-29,9,kemarau,lempung,122,5.2,625,3.1
2023-04-15,2023-04-29,22,hujan,lempung,402,2.4,289,4.7
2023-10-14,2023-10-28,13,kemarau,tanah berpasir,111,7.6,916,4.0
2023-06-16,2023-06-29,16,kemarau,tanah berpasir,134,9.6,1157,12.8
2023-08-14,2023-08-28,14,hujan,tanah liat,209,5.4,653,11.4
2023-11-16,2023-11-29,22,hujan,lempung,441,4.3,515,4.4
2023-09-15,2023-09-28,13,kemarau,lempung,128,7.1,847,6.4
2023-09-14,2023-09-28,22,kemarau,tanah berpasir,430,3.6,429,2.0
2023-11-14,2023-11-27,19,hujan,lempung,245,8.9,1073,15.6
2023-05-16,2023-05-29,24,hujan,tanah liat,489,3.3,399,7.1
2023-07-16,2023-07-31,10,hujan,tanah berpasir,125,4.2,502,9.2
2023-03-14,2023-03-27,9,hujan,lempung,104,4.9,582,5.4
2023-11-16,2023-11-30,19,hujan,lempung,114,9.7,1165,8.9
2023-09-16,2023-09-30,18,kemarau,tanah liat,272,7.2,858,8.7
2023-11-16,2023-11-30,25,hujan,lempung,403,9.4,1130,10.4
2023-04-16,2023-04-30,15,kemarau,lempung,140,9.4,1130,11.4
2023-05-16,2023-05-31,11,kemarau,tanah liat,282,3.1,372,1.4
2023-08-16,2023-08-30,5,hujan,lempung,143,8.5,1015,14.3
2023-09-16,2023-09-30,18,kemarau,lempung,108,3.6,430,3.5
2023-02-15,2023-02-28,16,kemarau,tanah liat,296,9.5,1143,8.5
2023-07-15,2023-07-28,15,kemarau,tanah liat,234,9.1,1096,4.8
2023-06-14,2023-06-27,16,kemarau,tanah berpasir,145,8.5,1018,13.4
2023-02-15,2023-02-28,25,kemarau,tanah berpasir,447,8.9,1067,7.9
2023-11-16,2023-11-30,11,hujan,tanah liat,135,7.3,877,14.6
2023-07-15,2023-07-30,9,kemarau,lempung,128,2.8,335,2.5
2023-06-14,2023-06-29,9,kemarau,lempung,101,9.4,1125,7.0
2023-09-14,2023-09-29,10,kemarau,lempung,100,3.7,440,5.3
2023-04-15,2023-04-29,17,hujan,tanah berpasir,222,2.3,278,1.4
2023-09-15,2023-09-28,15,kemarau,tanah berpasir,144,3.5,420,4.7
2023-11-15,2023-11-29,5,kemarau,tanah liat,137,7.5,901,5.7
2023-10-16,2023-10-29,16,kemarau,tanah liat,117,5.5,664,8.3
2023-09-16,2023-09-29,24,hujan,lempung,493,9.7,1161,8.3
2023-10-15,2023-10-28,23,hujan,tanah berpasir,474,2.1,251,1.9
2023-07-15,2023-07-28,19,hujan,lempung,219,9.1,1095,11.1
2023-04-15,2023-04-30,17,hujan,tanah liat,110,1.3,154,2.9
2023-12-14,2023-12-28,24,hujan,tanah berpasir,423,3.8,456,4.0
2023-02-14,2023-02-27,17,hujan,tanah berpasir,226,5.7,687,7.9
2023-07-16,2023-07-30,13,hujan,tanah berpasir,270,6.6,796,14.8
2023-01-16,2023-01-31,13,hujan,tanah liat,240,2.1,249,2.0
2023-10-15,2023-10-28,12,kemarau,tanah liat,277,5.5,656,7.3
2023-09-16,2023-09-30,24,hujan,tanah liat,112,4.5,541,3.8
2023-01-14,2023-01-28,11,kemarau,tanah liat,215,7.6,912,8.8
2023-03-14,2023-03-28,25,hujan,tanah berpasir,477,5.8,691,5.5
2023-10-16,2023-10-29,16,kemarau,tanah berpasir,286,2.6,317,3.7
2023-10-15,2023-10-30,11,kemarau,tanah liat,260,5.1,612,4.1
2023-10-16,2023-10-29,10,kemarau,tanah liat,111,6.4,769,7.8
2023-09-14,2023-09-28,20,hujan,lempung,450,4.5,538,6.7
2023-05-15,2023-05-28,23,hujan,tanah berpasir,414,3.7,446,6.5
2023-10-14,2023-10-27,21,hujan,tanah berpasir,421,1.0,120,1.6
2023-02-16,2023-02-28,8,hujan,tanah liat,136,1.7,204,1.2
2023-04-16,2023-04-30,9,hujan,tanah berpasir,139,2.5,302,5.0
2023-04-15,2023-04-29,22,hujan,tanah berpasir,497,2.2,260,4.0
2023-03-14,2023-03-29,15,hujan,tanah berpasir,268,5.9,705,6.4
2023-11-16,2023-11-29,21,kemarau,tanah berpasir,403,6.2,744,5.3
2023-12-15,2023-12-28,15,hujan,tanah liat,250,8.9,1072,12.0
2023-09-15,2023-09-28,8,kemarau,tanah liat,108,6.6,786,3.6
2023-10-15,2023-10-28,25,hujan,lempung,480,6.4,767,9.2
2023-05-15,2023-05-30,23,hujan,tanah liat,445,4.2,505,5.0
2023-08-15,2023-08-28,18,hujan,tanah berpasir,104,2.1,256,2.3
2023-02-15,2023-02-28,7,hujan,lempung,128,7.5,898,12.4
2023-03-16,2023-03-31,22,kemarau,tanah berpasir,487,3.9,467,5.1
2023-04-14,2023-04-27,25,hujan,tanah liat,459,5.0,595,6.4
2023-01-15,2023-01-30,23,kemarau,tanah berpasir,484,3.4,408,5.1
2023-03-16,2023-03-31,10,kemarau,tanah liat,103,3.2,381,3.9
2023-09-16,2023-09-30,21,hujan,tanah berpasir,443,7.0,843,5.8
2023-04-15,2023-04-30,8,hujan,lempung,110,7.6,912,13.6
2023-01-16,2023-01-30,12,hujan,tanah berpasir,106,9.4,1130,10.6
2023-01-16,2023-01-31,7,hujan,tanah berpasir,147,2.6,313,3.4
2023-11-14,2023-11-27,25,kemarau,tanah liat,452,9.8,1176,10.5
2023-04-14,2023-04-29,8,kemarau,tanah liat,116,1.7,207,1.7
2023-06-16,2023-06-30,19,hujan,tanah berpasir,119,6.6,794,7.3
2023-10-14,2023-10-27,23,kemarau,tanah berpasir,457,1.1,127,0.8
2023-10-16,2023-10-30,18,hujan,lempung,146,7.3,874,10.2
2023-04-15,2023-04-28,12,hujan,tanah liat,257,3.0,362,3.4
2023-09-16,2023-09-30,13,hujan,tanah liat,262,1.9,223,1.3
2023-05-15,2023-05-28,24,kemarau,lempung,453,1.5,177,1.0
2023-07-16,2023-07-29,5,hujan,tanah liat,130,5.5,660,9.3
2023-01-15,2023-01-29,10,kemarau,lempung,102,10.0,1199,14.0
2023-10-15,2023-10-29,15,kemarau,lempung,255,6.8,818,8.3
2023-08-15,2023-08-29,25,hujan,tanah berpasir,410,10.0,1197,9.3
2023-04-14,2023-04-29,19,kemarau,tanah liat,240,5.2,622,4.4
2023-04-15,2023-04-30,5,kemarau,tanah liat,136,2.4,289,3.3
2023-03-15,2023-03-28,22,hujan,tanah liat,465,8.7,1038,14.0
2023-08-14,2023-08-29,25,kemarau,tanah liat,415,3.7,444,5.6
2023-01-16,2023-01-30,13,hujan,tanah liat,265,6.5,784,6.7
2023-07-15,2023-07-28,16,hujan,tanah berpasir,294,7.5,901,8.7
2023-03-14,2023-03-27,25,hujan,tanah liat,404,4.5,534,9.9
2023-02-14,2023-02-28,19,kemarau,tanah liat,258,3.8,458,5.8
2023-07-14,2023-07-28,16,kemarau,tanah liat,227,7.0,845,8.3
2023-03-14,2023-03-27,22,kemarau,lempung,496,9.9,1188,9.5
2023-06-14,2023-06-29,14,hujan,tanah liat,274,10.0,1196,18.0
2023-12-15,2023-12-29,15,kemarau,tanah berpasir,141,4.5,540,2.0
2023-12-15,2023-12-28,17,hujan,tanah liat,135,2.8,338,5.8
2023-09-15,2023-09-30,21,kemarau,tanah liat,464,6.9,826,9.5
2023-06-14,2023-06-28,18,kemarau,lempung,213,9.0,1075,5.6
2023-01-15,2023-01-30,8,kemarau,tanah berpasir,101,6.2,747,7.7
2023-06-15,2023-06-28,10,hujan,tanah liat,114,1.0,124,2.3
2023-01-16,2023-01-29,19,hujan,lempung,244,4.7,563,9.4
2023-02-15,2023-02-28,21,hujan,lempung,440,2.3,273,3.2
2023-11-15,2023-11-28,18,kemarau,tanah liat,108,8.5,1019,5.2
2023-10-14,2023-10-28,5,hujan,lempung,131,2.8,335,6.4
2023-11-15,2023-11-28,9,hujan,tanah berpasir,139,2.8,335,5.5
2023-04-16,2023-04-29,11,kemarau,lempung,254,9.5,1136,10.0
2023-11-15,2023-11-28,12,kemarau,tanah liat,242,8.3,998,10.0
2023-10-14,2023-10-27,16,kemarau,lempung,207,3.2,386,4.3
2023-01-15,2023-01-28,20,hujan,lempung,417,5.0,596,5.5
2023-02-16,2023-02-28,6,kemarau,lempung,149,4.3,512,5.4
2023-04-15,2023-04-29,16,hujan,lempung,250,1.5,176,1.3
2023-02-16,2023-02-28,19,kemarau,lempung,102,8.3,997,12.0
2023-02-14,2023-02-28,25,kemarau,tanah berpasir,409,6.8,817,4.1
2023-02-15,2023-02-28,24,hujan,tanah berpasir,449,8.1,974,16.4
2023-10-14,2023-10-27,18,kemarau,lempung,150,1.1,130,1.0
2023-07-16,2023-07-31,11,hujan,lempung,214,3.4,403,6.9
2023-06-14,2023-06-27,21,kemarau,tanah liat,454,7.5,897,9.4
2023-07-15,2023-07-29,11,kemarau,tanah liat,291,7.8,940,8.6
2023-10-14,2023-10-29,20,hujan,tanah berpasir,465,9.3,1116,6.3
2023-05-15,2023-05-29,25,hujan,lempung,406,7.3,880,11.0
2023-12-16,2023-12-30,21,kemarau,lempung,435,1.3,159,1.8
2023-07-14,2023-07-28,9,kemarau,lempung,113,7.3,877,5.3
2023-11-15,2023-11-28,13,kemarau,tanah liat,147,5.1,609,2.4
2023-08-15,2023-08-28,19,kemarau,tanah liat,239,2.4,282,1.2
2023-10-15,2023-10-30,14,kemarau,tanah berpasir,281,3.3,392,4.4
2023-11-15,2023-11-29,25,hujan,tanah berpasir,429,7.3,878,8.1
2023-12-14,2023-12-27,7,hujan,lempung,132,4.9,583,3.6
2023-04-16,2023-04-29,8,kemarau,tanah berpasir,127,6.0,714,8.8
2023-03-15,2023-03-28,15,hujan,tanah berpasir,138,9.8,1180,12.0
2023-01-16,2023-01-31,13,hujan,tanah liat,233,6.0,724,7.3
2023-12-16,2023-12-31,15,hujan,tanah berpasir,227,8.2,980,19.5
2023-11-15,2023-11-28,14,hujan,tanah liat,236,4.9,587,11.6
2023-08-15,2023-08-28,24,kemarau,tanah liat,435,1.4,162,1.1
2023-07-15,2023-07-30,15,hujan,tanah berpasir,271,3.8,456,8.4
2023-08-16,2023-08-29,19,hujan,lempung,139,9.1,1088,13.4
2023-11-14,2023-11-27,10,kemarau,tanah berpasir,135,3.9,465,2.2
2023-02-16,2023-02-28,9,hujan,tanah berpasir,137,4.8,578,11.1
2023-12-16,2023-12-31,9,hujan,lempung,101,1.0,123,0.8
2023-06-15,2023-06-30,20,kemarau,lempung,404,3.6,436,2.6
2023-02-16,2023-02-28,19,hujan,tanah liat,273,5.5,654,9.7
2023-09-15,2023-09-29,6,hujan,tanah berpasir,141,9.6,1153,6.7
2023-07-16,2023-07-29,24,kemarau,tanah liat,406,9.4,1123,14.6
2023-07-14,2023-07-27,24,hujan,tanah berpasir,468,4.2,505,5.7
2023-12-15,2023-12-30,8,kemarau,tanah liat,102,7.7,923,12.0
2023-11-16,2023-11-29,18,kemarau,tanah berpasir,221,2.5,305,3.8
2023-08-15,2023-08-30,17,kemarau,lempung,138,6.5,777,9.0
2023-12-15,2023-12-28,15,kemarau,tanah berpasir,144,8.1,968,11.1
2023-11-15,2023-11-28,12,kemarau,tanah liat,278,6.0,724,4.2
2023-04-15,2023-04-30,17,kemarau,lempung,283,4.3,517,2.2
2023-12-16,2023-12-31,12,kemarau,lempung,285,2.5,297,2.4
2023-02-16,2023-02-28,11,kemarau,lempung,203,2.9,347,3.9
2023-07-15,2023-07-30,21,hujan,tanah berpasir,482,9.5,1134,18.7
2023-07-14,2023-07-28,22,kemarau,lempung,477,8.4,1013,11.6
2023-11-14,2023-11-27,13,hujan,tanah liat,144,5.5,663,11.0
2023-01-15,2023-01-30,24,kemarau,tanah berpasir,421,5.2,623,6.0
2023-07-16,2023-07-31,9,hujan,tanah berpasir,135,6.5,774,11.5
2023-11-14,2023-11-28,13,kemarau,tanah berpasir,259,8.6,1030,5.4
2023-03-16,2023-03-30,8,hujan,lempung,147,7.5,896,7.3
2023-02-14,2023-02-28,17,hujan,lempung,294,1.6,194,2.4
2023-11-14,2023-11-29,7,kemarau,tanah berpasir,120,9.3,1115,10.4
2023-10-14,2023-10-29,17,hujan,lempung,283,3.0,359,5.5
2023-07-16,2023-07-31,25,kemarau,tanah liat,431,4.0,478,5.8
2023-02-16,2023-02-28,7,kemarau,tanah liat,104,3.7,438,5.6
2023-11-16,2023-11-30,17,hujan,tanah berpasir,272,4.7,558,6.9
2023-06-16,2023-06-29,11,hujan,tanah berpasir,291,3.4,411,2.1
2023-05-15,2023-05-28,21,kemarau,tanah berpasir,434,3.6,426,2.8
2023-02-14,2023-02-28,10,kemarau,tanah berpasir,148,8.9,1071,10.8
2023-11-14,2023-11-29,5,hujan,tanah liat,112,3.3,399,3.4
2023-09-15,2023-09-30,16,hujan,lempung,220,9.3,1117,11.1
2023-01-15,2023-01-30,10,hujan,lempung,101,1.6,195,3.2
2023-08-14,2023-08-29,11,kemarau,tanah berpasir,267,9.0,1080,9.0
2023-02-14,2023-02-27,12,kemarau,tanah liat,245,2.9,344,2.9
2023-10-16,2023-10-30,13,hujan,tanah liat,216,9.2,1103,17.0
2023-10-14,2023-10-29,16,hujan,tanah berpasir,222,7.2,863,8.7
2023-03-16,2023-03-29,22,kemarau,tanah liat,431,3.9,467,5.9
2023-11-14,2023-11-29,10,hujan,tanah liat,106,9.3,1116,7.1
2023-12-16,2023-12-30,9,hujan,tanah berpasir,121,4.8,573,5.1
2023-03-15,2023-03-28,8,kemarau,tanah liat,121,6.1,726,8.0
2023-05-15,2023-05-29,12,kemarau,tanah liat,218,6.4,766,3.2
2023-10-15,2023-10-29,17,hujan,lempung,274,6.8,812,8.5
2023-11-14,2023-11-28,19,kemarau,tanah liat,221,7.4,892,9.1
2023-12-16,2023-12-31,11,kemarau,tanah berpasir,292,5.9,713,6.4
2023-04-15,2023-04-28,23,kemarau,tanah liat,431,1.8,220,2.9
2023-04-16,2023-04-29,11,hujan,tanah liat,265,3.8,456,7.2
2023-01-14,2023-01-29,17,kemarau,tanah liat,137,4.8,580,7.5
2023-02-16,2023-02-28,12,hujan,lempung,266,2.6,312,3.4
2023-01-15,2023-01-28,17,hujan,tanah liat,113,8.1,968,6.2
2023-02-15,2023-02-28,9,kemarau,lempung,102,4.5,541,7.1
2023-05-15,2023-05-30,9,kemarau,tanah berpasir,135,9.0,1081,4.1
2023-02-16,2023-02-28,18,hujan,lempung,289,2.5,302,3.7
2023-06-15,2023-06-30,25,kemarau,tanah berpasir,431,6.0,718,5.5
2023-05-14,2023-05-28,15,kemarau,tanah liat,287,3.0,359,3.0
2023-11-14,2023-11-29,15,hujan,tanah liat,217,9.3,1111,9.5
2023-10-15,2023-10-30,12,kemarau,tanah berpasir,241,7.5,901,11.7
2023-11-16,2023-11-30,14,hujan,tanah berpasir,292,2.9,344,5.4
2023-05-14,2023-05-28,15,hujan,tanah berpasir,265,3.5,425,4.7
2023-07-16,2023-07-31,16,hujan,tanah liat,277,3.6,430,3.8
2023-01-16,2023-01-31,23,hujan,tanah liat,476,3.2,378,5.1
2023-06-14,2023-06-28,7,hujan,tanah berpasir,114,4.0,474,4.9
2023-04-15,2023-04-30,10,kemarau,tanah berpasir,143,4.8,577,7.2
2023-01-15,2023-01-28,9,kemarau,tanah berpasir,101,2.3,280,1.9
2023-03-15,2023-03-30,10,kemarau,lempung,145,2.0,238,2.0
2023-04-15,2023-04-29,6,kemarau,tanah berpasir,105,1.6,190,1.6
2023-12-14,2023-12-28,16,hujan,tanah liat,142,1.8,212,4.0
2023-03-16,2023-03-29,23,kemarau,tanah liat,452,2.6,312,2.4
2023-07-15,2023-07-28,21,hujan,tanah liat,451,3.9,467,3.3
2023-06-15,2023-06-30,21,kemarau,tanah berpasir,437,1.5,174,1.5
2023-10-15,2023-10-29,15,kemarau,tanah liat,242,1.1,136,0.7
2023-12-16,2023-12-29,16,hujan,tanah liat,267,9.7,1160,16.4
2023-02-14,2023-02-27,23,hujan,lempung,404,7.4,885,14.4
2023-05-15,2023-05-28,24,hujan,tanah berpasir,421,3.1,367,7.2
2023-08-15,2023-08-30,23,hujan,tanah liat,477,5.2,628,12.2
2023-03-16,2023-03-31,21,hujan,lempung,142,9.6,1157,16.0
2023-03-14,2023-03-29,12,hujan,tanah liat,239,8.0,964,8.3
2023-06-14,2023-06-28,18,kemarau,tanah berpasir,225,1.3,157,1.2
2023-11-16,2023-11-29,10,hujan,tanah liat,122,1.2,138,2.3
2023-01-14,2023-01-28,9,hujan,lempung,121,4.2,500,7.1
2023-05-16,2023-05-31,22,kemarau,tanah liat,131,8.8,1056,10.0
2023-03-16,2023-03-30,17,hujan,lempung,244,5.6,668,11.6
2023-10-14,2023-10-27,19,kemarau,tanah liat,240,7.6,907,7.4
2023-09-15,2023-09-29,15,kemarau,tanah berpasir,258,2.8,330,2.9
2023-06-16,2023-06-30,3,kemarau,tanah berpasir,132,5.9,706,8.4
2023-12-16,2023-12-29,5,hujan,tanah liat,123,4.0,479,9.1
2023-01-16,2023-01-31,18,hujan,lempung,247,2.5,302,2.5
2023-07-14,2023-07-27,17,kemarau,lempung,203,3.9,462,1.7
2023-01-16,2023-01-31,23,kemarau,tanah berpasir,129,3.1,367,2.8
2023-03-15,2023-03-28,12,hujan,tanah berpasir,208,7.6,915,17.3
2023-04-14,2023-04-29,13,kemarau,lempung,279,8.1,973,10.7
2023-10-15,2023-10-28,7,kemarau,lempung,102,1.5,177,0.6
2023-06-14,2023-06-27,20,kemarau,tanah liat,452,2.0,244,1.3
2023-11-14,2023-11-28,23,hujan,tanah liat,101,5.2,618,4.3
2023-03-15,2023-03-30,21,kemarau,tanah liat,142,4.1,496,5.7
2023-08-16,2023-08-31,15,hujan,lempung,125,5.3,638,5.8
2023-03-14,2023-03-27,25,hujan,lempung,467,3.7,443,7.9
2023-09-14,2023-09-28,13,kemarau,lempung,267,8.7,1046,13.8
2023-01-14,2023-01-29,16,hujan,tanah liat,224,4.9,583,9.4
2023-03-14,2023-03-28,8,kemarau,lempung,105,8.4,1008,11.7
2023-11-15,2023-11-30,17,kemarau,lempung,122,8.2,984,6.1
2023-01-15,2023-01-30,10,kemarau,tanah berpasir,128,2.6,316,3.7
2023-05-16,2023-05-29,14,kemarau,tanah liat,257,8.2,980,5.7
2023-04-15,2023-04-29,23,hujan,tanah berpasir,467,9.7,1158,23.2
2023-10-14,2023-10-29,10,kemarau,lempung,103,9.0,1077,13.1
2023-10-16,2023-10-31,15,hujan,tanah liat,245,1.5,174,1.0
2023-09-16,2023-09-29,18,kemarau,lempung,295,6.9,827,3.8
2023-11-14,2023-11-28,15,kemarau,tanah liat,298,7.1,856,4.5
2023-10-15,2023-10-28,17,kemarau,tanah liat,261,5.1,608,6.5
2023-09-16,2023-09-30,22,kemarau,tanah liat,438,6.1,733,6.8
2023-11-14,2023-11-27,17,hujan,lempung,284,6.7,799,14.1
2023-02-16,2023-02-28,22,hujan,lempung,490,2.0,236,2.6
2023-10-15,2023-10-30,12,hujan,lempung,282,8.3,1001,13.1
2023-08-15,2023-08-29,18,kemarau,tanah berpasir,124,1.5,174,1.2
2023-08-15,2023-08-29,14,kemarau,tanah berpasir,214,1.8,221,1.2
2023-08-15,2023-08-29,2,kemarau,tanah berpasir,144,9.6,1156,6.5
2023-07-16,2023-07-30,7,kemarau,lempung,121,4.4,525,3.5
2023-07-16,2023-07-29,7,kemarau,tanah berpasir,101,5.4,647,5.8
2023-05-14,2023-05-28,6,hujan,lempung,139,4.2,507,3.1
2023-11-14,2023-11-27,19,hujan,tanah liat,118,4.1,489,8.5
2023-08-15,2023-08-28,7,kemarau,tanah liat,104,7.7,925,11.1
2023-07-15,2023-07-28,11,kemarau,tanah berpasir,246,5.2,628,7.7
2023-02-16,2023-02-28,10,hujan,tanah berpasir,138,2.5,299,1.9
2023-02-16,2023-02-28,21,kemarau,lempung,414,9.7,1166,12.0
2023-01-15,2023-01-28,25,kemarau,lempung,461,6.0,719,9.0
2023-02-16,2023-02-28,19,hujan,tanah berpasir,256,9.0,1076,9.7
2023-11-15,2023-11-29,11,hujan,lempung,146,2.6,308,3.6
2023-02-15,2023-02-28,10,hujan,tanah berpasir,142,2.8,330,3.7
2023-03-15,2023-03-28,8,kemarau,tanah liat,103,2.8,340,2.8
2023-03-14,2023-03-28,17,kemarau,tanah liat,263,9.7,1158,3.9
2023-04-14,2023-04-27,13,hujan,tanah liat,224,8.5,1018,9.2
2023-02-14,2023-02-27,10,hujan,lempung,137,4.4,525,8.7
2023-10-14,2023-10-29,7,kemarau,tanah liat,135,4.5,539,3.9
2023-06-14,2023-06-27,12,hujan,lempung,126,9.9,1189,10.2
2023-11-15,2023-11-30,6,kemarau,tanah liat,123,7.0,838,5.3
2023-04-15,2023-04-28,18,hujan,tanah liat,218,8.7,1044,5.6
2023-01-15,2023-01-28,8,kemarau,tanah liat,125,3.6,428,2.2
2023-02-16,2023-02-28,13,kemarau,lempung,297,6.8,819,8.3
2023-05-14,2023-05-27,15,hujan,lempung,148,9.7,1166,15.2
2023-08-15,2023-08-29,22,hujan,tanah liat,461,8.2,981,6.7
2023-06-14,2023-06-28,20,hujan,tanah berpasir,470,2.8,331,3.6
2023-04-14,2023-04-28,14,kemarau,tanah liat,209,7.7,924,7.7
2023-02-16,2023-02-28,10,kemarau,lempung,114,1.9,227,2.2
2023-02-16,2023-02-28,23,kemarau,tanah berpasir,435,3.4,406,4.8
2023-06-14,2023-06-29,12,hujan,tanah berpasir,240,1.6,189,1.4
2023-03-15,2023-03-28,18,hujan,lempung,123,7.7,918,13.1
2023-01-16,2023-01-30,21,kemarau,lempung,456,6.4,765,4.1
2023-09-16,2023-09-30,13,hujan,tanah berpasir,278,3.7,439,7.3
2023-06-14,2023-06-29,15,hujan,lempung,115,5.2,624,3.2
2023-08-15,2023-08-29,19,hujan,tanah berpasir,282,8.7,1040,9.5
2023-11-14,2023-11-29,20,kemarau,tanah berpasir,446,7.1,857,9.1
2023-05-16,2023-05-29,22,hujan,lempung,422,7.0,838,15.1
2023-06-16,2023-06-29,24,hujan,tanah liat,423,1.8,221,3.5
2023-02-15,2023-02-28,11,kemarau,lempung,209,4.2,505,5.5
2023-04-14,2023-04-28,19,kemarau,tanah liat,213,9.4,1126,11.3
2023-09-16,2023-09-30,21,hujan,tanah liat,488,5.4,652,12.0
2023-09-16,2023-09-30,17,hujan,lempung,150,1.9,232,3.8
2023-02-15,2023-02-28,16,hujan,lempung,149,8.8,1053,14.0
2023-01-16,2023-01-30,21,kemarau,tanah liat,481,3.9,473,1.7
2023-03-14,2023-03-28,18,hujan,tanah liat,218,9.7,1163,10.6
2023-07-15,2023-07-28,10,kemarau,tanah berpasir,107,8.1,971,9.9
2023-05-16,2023-05-31,20,hujan,tanah berpasir,464,7.4,882,5.2
2023-01-14,2023-01-29,14,hujan,tanah berpasir,102,3.1,369,5.7
2023-06-14,2023-06-28,22,hujan,lempung,486,1.6,188,2.9
2023-12-16,2023-12-29,21,hujan,lempung,458,4.3,515,8.3
2023-03-14,2023-03-29,22,kemarau,tanah berpasir,490,6.8,810,2.8
2023-01-16,2023-01-31,16,hujan,tanah berpasir,201,4.9,591,6.7
2023-04-15,2023-04-30,12,kemarau,tanah liat,102,1.2,143,1.0
2023-07-15,2023-07-28,15,kemarau,tanah berpasir,110,4.0,483,3.0
2023-03-15,2023-03-28,22,kemarau,tanah liat,475,6.6,789,9.4
2023-12-14,2023-12-29,17,kemarau,lempung,268,7.9,943,3.8
2023-12-14,2023-12-28,25,kemarau,tanah liat,432,1.6,186,0.9
2023-09-16,2023-09-30,20,hujan,tanah berpasir,452,3.4,407,6.0
2023-11-16,2023-11-30,22,kemarau,tanah liat,445,2.9,348,1.4
2023-10-15,2023-10-30,15,hujan,lempung,257,5.0,603,5.1
2023-02-16,2023-02-28,11,kemarau,tanah berpasir,270,4.6,546,6.7
2023-07-15,2023-07-30,13,hujan,tanah berpasir,271,4.8,573,8.3
2023-02-15,2023-02-28,23,kemarau,tanah berpasir,100,8.1,966,10.1
2023-04-15,2023-04-29,17,kemarau,tanah liat,230,7.2,865,3.1
2023-05-14,2023-05-28,9,hujan,tanah liat,113,7.5,902,5.7
2023-01-15,2023-01-28,17,hujan,lempung,228,7.9,948,5.1
2023-11-15,2023-11-28,14,hujan,lempung,259,4.9,584,7.7
2023-08-16,2023-08-31,23,hujan,lempung,492,2.4,282,4.0
2023-08-15,2023-08-29,20,kemarau,tanah liat,479,5.2,624,2.4
2023-07-15,2023-07-29,21,hujan,lempung,406,2.6,316,3.3
2023-03-15,2023-03-28,23,kemarau,tanah berpasir,470,9.1,1092,7.4
2023-02-15,2023-02-28,24,kemarau,lempung,463,1.3,152,1.2
2023-07-16,2023-07-31,19,hujan,lempung,202,6.6,789,9.3
2023-03-16,2023-03-30,23,hujan,tanah liat,112,9.3,1115,12.6
2023-12-16,2023-12-29,21,hujan,lempung,100,2.9,347,5.3
2023-11-16,2023-11-30,10,kemarau,tanah liat,139,2.1,249,2.7
2023-05-16,2023-05-31,13,kemarau,tanah liat,201,7.0,840,7.8
2023-12-14,2023-12-28,22,hujan,lempung,451,7.9,952,16.3
2023-03-16,2023-03-30,10,kemarau,tanah berpasir,116,3.9,468,3.8
2023-03-15,2023-03-29,16,kemarau,tanah liat,131,1.8,210,1.0
2023-05-14,2023-05-27,18,kemarau,lempung,131,2.2,258,2.8
2023-10-14,2023-10-28,13,kemarau,tanah liat,294,9.5,1134,4.6
2023-05-16,2023-05-31,23,kemarau,tanah berpasir,107,5.9,713,9.3
2023-09-15,2023-09-28,22,hujan,tanah liat,493,6.3,757,5.1
2023-02-16,2023-02-28,7,kemarau,tanah liat,135,5.8,699,6.5
2023-03-16,2023-03-29,19,hujan,tanah liat,266,4.2,509,3.9
2023-10-15,2023-10-29,23,hujan,tanah berpasir,407,3.3,399,4.9
2023-09-14,2023-09-27,21,hujan,lempung,115,9.9,1191,18.2
2023-11-15,2023-11-28,25,hujan,tanah berpasir,436,3.1,372,2.6
2023-06-15,2023-06-28,9,hujan,lempung,119,2.8,341,5.1
2023-02-15,2023-02-28,12,hujan,lempung,292,7.8,935,14.6
2023-03-15,2023-03-28,12,hujan,tanah liat,247,6.7,800,9.8
2023-09-16,2023-09-30,10,hujan,tanah berpasir,144,9.3,1115,10.2
2023-12-16,2023-12-29,11,hujan,tanah berpasir,150,1.2,140,1.8
2023-10-15,2023-10-28,6,hujan,tanah liat,140,1.0,122,1.9
2023-12-14,2023-12-28,12,kemarau,tanah berpasir,211,7.5,895,11.4
2023-03-15,2023-03-28,6,hujan,tanah liat,123,2.3,273,3.7
2023-02-14,2023-02-28,6,kemarau,lempung,107,9.0,1079,12.2
2023-10-15,2023-10-29,12,hujan,lempung,138,6.7,798,11.7
2023-04-14,2023-04-27,15,kemarau,lempung,111,1.7,201,1.1
2023-10-14,2023-10-29,18,hujan,lempung,235,2.0,245,3.0
2023-08-15,2023-08-30,11,kemarau,tanah berpasir,221,5.7,678,6.6
2023-03-14,2023-03-29,24,kemarau,tanah liat,431,8.8,1054,10.2
2023-12-14,2023-12-27,10,hujan,tanah liat,111,5.4,644,11.8
2023-01-15,2023-01-28,15,kemarau,tanah berpasir,219,5.4,648,8.5
2023-07-15,2023-07-28,9,kemarau,tanah berpasir,103,7.3,871,7.9
2023-06-15,2023-06-30,16,kemarau,tanah liat,277,6.2,748,4.3
2023-10-16,2023-10-29,2,hujan,lempung,106,2.2,263,2.6
2023-11-15,2023-11-30,11,hujan,tanah berpasir,291,9.3,1114,7.5
2023-12-15,2023-12-28,19,kemarau,tanah liat,230,5.0,603,6.7
2023-05-16,2023-05-29,21,kemarau,tanah liat,499,7.9,948,10.2
2023-12-14,2023-12-28,14,kemarau,tanah berpasir,297,6.0,716,6.1
2023-08-14,2023-08-27,18,hujan,tanah liat,126,3.3,399,3.0
2023-06-15,2023-06-29,20,hujan,lempung,450,7.1,857,6.8
2023-12-14,2023-12-27,22,kemarau,lempung,409,7.3,878,11.5
2023-11-15,2023-11-29,24,kemarau,tanah liat,479,1.6,186,1.5
2023-03-15,2023-03-29,10,hujan,tanah berpasir,142,9.4,1126,13.8
2023-04-16,2023-04-30,21,kemarau,tanah berpasir,102,4.6,556,2.0
2023-02-16,2023-02-28,25,hujan,lempung,459,3.3,401,6.9
2023-05-14,2023-05-27,8,hujan,tanah liat,118,5.3,634,11.9
2023-12-15,2023-12-30,8,hujan,lempung,106,2.4,289,3.5
2023-11-16,2023-11-30,18,hujan,tanah liat,216,1.3,152,1.8
2023-09-16,2023-09-30,7,hujan,tanah berpasir,111,6.7,808,6.3
2023-12-15,2023-12-28,18,hujan,tanah berpasir,223,9.2,1102,9.6
2023-02-15,2023-02-28,14,hujan,lempung,262,7.1,849,6.5
2023-10-16,2023-10-30,16,hujan,tanah liat,149,4.0,483,5.5
2023-02-16,2023-02-28,8,kemarau,lempung,128,5.8,692,4.0
2023-11-15,2023-11-28,17,hujan,lempung,280,4.4,527,8.2
2023-06-14,2023-06-28,16,hujan,lempung,244,3.8,455,5.4
2023-09-15,2023-09-30,18,hujan,tanah liat,109,5.2,624,7.7
2023-12-15,2023-12-29,19,kemarau,tanah berpasir,129,6.4,771,3.2
2023-06-16,2023-06-30,14,hujan,tanah liat,240,5.8,692,10.2
2023-08-15,2023-08-30,20,kemarau,tanah liat,440,2.2,259,2.1
2023-08-15,2023-08-28,11,hujan,lempung,206,6.2,745,12.2
2023-02-15,2023-02-28,12,hujan,tanah liat,146,3.1,375,2.5
2023-11-16,2023-11-30,17,kemarau,tanah liat,250,3.9,470,2.3
2023-10-15,2023-10-29,17,kemarau,lempung,126,7.6,909,5.3
2023-10-14,2023-10-29,11,hujan,lempung,215,3.1,370,5.2
2023-09-16,2023-09-29,22,kemarau,tanah berpasir,104,4.5,545,4.6
2023-04-14,2023-04-27,20,kemarau,tanah berpasir,452,7.9,942,8.0
2023-08-16,2023-08-29,18,kemarau,tanah berpasir,108,5.5,655,6.7
2023-09-15,2023-09-29,17,hujan,tanah liat,218,7.4,891,6.4
2023-07-14,2023-07-28,21,hujan,tanah liat,103,7.7,920,7.7
2023-10-16,2023-10-30,20,kemarau,tanah berpasir,448,4.5,536,6.8
2023-03-14,2023-03-27,22,hujan,tanah liat,110,9.3,1111,16.8
2023-06-16,2023-06-30,18,kemarau,tanah berpasir,240,9.3,1119,10.6
2023-01-15,2023-01-30,8,hujan,tanah berpasir,124,2.9,346,2.5
2023-01-16,2023-01-30,17,kemarau,tanah liat,296,6.7,804,3.8
2023-10-15,2023-10-28,9,hujan,tanah liat,147,8.6,1029,19.4
2023-12-15,2023-12-30,7,kemarau,lempung,113,1.7,200,1.4
2023-09-14,2023-09-27,6,kemarau,tanah berpasir,117,7.5,902,3.9
2023-08-15,2023-08-30,10,hujan,lempung,122,1.2,149,0.9
2023-09-16,2023-09-30,14,kemarau,lempung,284,3.7,443,5.1
2023-12-16,2023-12-31,15,kemarau,tanah liat,248,4.8,572,5.6
2023-11-16,2023-11-30,12,kemarau,tanah berpasir,234,1.6,194,1.7
2023-11-14,2023-11-29,8,hujan,tanah berpasir,128,3.1,368,3.5
2023-12-16,2023-12-31,17,kemarau,tanah liat,101,8.2,985,9.8
2023-07-16,2023-07-30,16,hujan,lempung,265,7.5,902,12.9
2023-01-15,2023-01-29,23,hujan,lempung,418,8.4,1006,15.1
2023-02-14,2023-02-28,22,kemarau,tanah liat,484,5.4,644,3.2
2023-12-14,2023-12-27,10,kemarau,tanah berpasir,141,9.1,1095,8.0
2023-01-16,2023-01-31,24,hujan,tanah liat,417,4.7,560,7.7
2023-04-15,2023-04-29,16,kemarau,tanah berpasir,269,1.0,120,1.5
2023-10-16,2023-10-31,6,hujan,lempung,140,6.4,764,4.8
2023-12-16,2023-12-31,19,hujan,lempung,128,2.6,310,2.7
2023-12-15,2023-12-30,23,kemarau,lempung,430,9.3,1113,4.6
2023-02-15,2023-02-28,25,hujan,tanah berpasir,416,3.0,362,5.6
2023-10-16,2023-10-31,12,hujan,tanah liat,209,7.7,920,11.3
2023-04-16,2023-04-30,22,hujan,tanah liat,435,1.9,227,1.5
2023-12-15,2023-12-29,18,hujan,tanah berpasir,286,8.8,1057,16.2
2023-06-15,2023-06-28,15,hujan,tanah berpasir,270,9.9,1187,7.7
2023-04-16,2023-04-30,10,hujan,lempung,123,9.9,1191,14.9
2023-07-16,2023-07-30,10,kemarau,tanah liat,123,1.1,131,1.0
2023-05-16,2023-05-30,14,kemarau,tanah berpasir,247,8.5,1015,8.6
2023-10-15,2023-10-30,17,hujan,tanah berpasir,299,6.4,764,12.3
2023-06-16,2023-06-29,20,kemarau,lempung,122,8.9,1069,14.0
2023-07-15,2023-07-30,24,hujan,tanah liat,425,8.2,981,6.8
2023-03-16,2023-03-29,17,hujan,tanah berpasir,123,2.4,289,2.2
2023-08-16,2023-08-29,22,kemarau,tanah berpasir,445,6.4,770,5.2
2023-04-14,2023-04-28,10,hujan,tanah berpasir,103,1.4,166,2.4
2023-11-14,2023-11-29,19,kemarau,tanah berpasir,240,8.9,1064,14.1
2023-05-16,2023-05-29,13,hujan,tanah liat,254,9.5,1144,8.4
2023-05-14,2023-05-29,7,hujan,lempung,119,4.0,481,5.2
2023-07-15,2023-07-29,18,hujan,lempung,148,7.4,883,9.8
2023-06-14,2023-06-29,24,hujan,tanah berpasir,446,9.8,1177,7.1
2023-11-16,2023-11-29,13,hujan,tanah liat,200,5.7,684,12.2
2023-12-14,2023-12-28,10,hujan,tanah liat,139,4.5,537,7.5
2023-08-15,2023-08-28,6,hujan,tanah berpasir,129,9.4,1131,21.4
2023-06-14,2023-06-27,19,kemarau,tanah berpasir,102,4.6,556,3.1
2023-03-16,2023-03-29,17,kemarau,tanah liat,287,7.6,916,6.8
2023-12-16,2023-12-30,9,kemarau,lempung,111,7.3,873,5.6
2023-04-15,2023-04-30,10,hujan,lempung,127,8.7,1042,16.0
2023-02-16,2023-02-28,7,kemarau,tanah liat,138,3.7,440,3.7
2023-01-16,2023-01-30,18,kemarau,tanah berpasir,245,2.7,327,2.5
2023-09-14,2023-09-28,19,kemarau,tanah liat,249,7.2,860,7.1
2023-06-15,2023-06-30,8,kemarau,lempung,110,2.2,265,3.2
2023-07-15,2023-07-30,18,hujan,tanah berpasir,114,7.2,862,7.3
2023-08-14,2023-08-27,12,kemarau,tanah berpasir,279,4.5,541,3.0
2023-07-16,2023-07-30,22,hujan,tanah berpasir,474,1.1,129,2.5
2023-03-14,2023-03-27,19,kemarau,tanah liat,223,9.0,1081,5.3
2023-05-16,2023-05-29,24,hujan,lempung,418,5.8,691,8.2
2023-01-14,2023-01-27,13,kemarau,tanah berpasir,286,9.6,1157,4.8
2023-08-14,2023-08-28,10,kemarau,lempung,127,5.2,622,4.5
2023-04-16,2023-04-30,22,hujan,tanah liat,416,3.4,407,6.3
2023-02-14,2023-02-28,13,kemarau,tanah berpasir,285,7.2,866,3.7
2023-03-15,2023-03-29,14,hujan,tanah berpasir,261,1.9,225,1.9
2023-05-16,2023-05-31,6,kemarau,lempung,112,3.0,359,1.3
2023-12-14,2023-12-27,17,hujan,tanah liat,144,2.7,322,3.0
2023-01-16,2023-01-31,22,hujan,tanah berpasir,405,2.2,267,4.3
2023-11-16,2023-11-29,15,kemarau,lempung,230,4.7,566,2.2
2023-04-14,2023-04-27,17,kemarau,lempung,252,4.3,520,2.7
2023-03-14,2023-03-29,8,kemarau,tanah berpasir,139,8.1,975,10.6
2023-01-16,2023-01-30,13,kemarau,tanah liat,202,9.7,1166,11.4
2023-12-16,2023-12-31,23,kemarau,tanah berpasir,409,2.7,324,2.6
2023-04-16,2023-04-29,12,hujan,tanah liat,250,9.2,1107,11.9
2023-03-15,2023-03-29,8,hujan,tanah berpasir,122,3.5,419,6.1
2023-05-14,2023-05-28,9,kemarau,tanah berpasir,147,2.4,284,3.0
2023-08-15,2023-08-30,12,hujan,tanah berpasir,240,6.8,818,8.7
2023-12-14,2023-12-29,9,hujan,tanah berpasir,122,1.1,131,2.3
2023-01-16,2023-01-29,25,kemarau,lempung,449,5.2,628,6.5
2023-07-16,2023-07-30,19,hujan,tanah liat,229,5.5,655,10.8
2023-03-14,2023-03-28,7,hujan,lempung,118,8.2,987,16.9
2023-12-14,2023-12-28,19,kemarau,tanah liat,224,1.8,216,1.6
2023-05-14,2023-05-29,11,hujan,lempung,106,3.8,460,5.7
2023-10-15,2023-10-28,9,kemarau,tanah berpasir,149,2.1,247,1.0
2023-06-14,2023-06-28,13,kemarau,lempung,134,6.6,793,8.5
2023-01-15,2023-01-28,5,kemarau,tanah berpasir,128,5.0,603,2.1
2023-01-16,2023-01-29,18,hujan,tanah liat,104,4.5,534,8.9
2023-07-16,2023-07-29,18,kemarau,tanah liat,258,5.9,709,8.7
2023-07-16,2023-07-30,19,hujan,tanah liat,258,3.1,372,5.8
2023-11-14,2023-11-27,10,hujan,tanah liat,123,9.9,1192,7.8
2023-09-15,2023-09-28,22,kemarau,tanah liat,433,4.2,499,6.4
2023-03-16,2023-03-31,8,kemarau,lempung,150,2.5,298,3.3
2023-05-16,2023-05-29,22,hujan,tanah liat,413,6.9,826,6.5
2023-11-15,2023-11-30,21,kemarau,tanah liat,459,6.7,799,10.6
2023-05-16,2023-05-31,14,hujan,tanah berpasir,222,6.0,714,9.9
2023-10-16,2023-10-31,13,hujan,tanah liat,220,6.8,810,16.1
2023-02-16,2023-02-28,11,hujan,tanah liat,243,7.0,842,7.9
2023-05-16,2023-05-29,9,kemarau,lempung,150,7.7,919,9.7
2023-03-14,2023-03-29,6,kemarau,lempung,128,8.2,985,5.6
2023-03-15,2023-03-30,5,kemarau,tanah liat,129,6.6,788,9.2
2023-01-16,2023-01-29,12,kemarau,tanah berpasir,119,3.8,455,2.8
2023-06-16,2023-06-30,14,hujan,lempung,224,5.7,685,7.9
2023-10-14,2023-10-27,8,hujan,lempung,123,3.0,363,4.5
2023-11-14,2023-11-28,14,kemarau,tanah berpasir,283,1.5,184,1.3
2023-05-16,2023-05-30,18,kemarau,tanah berpasir,215,2.6,313,3.5
2023-01-16,2023-01-30,23,kemarau,tanah liat,472,8.1,977,5.1
2023-02-15,2023-02-28,7,kemarau,lempung,126,6.3,752,6.8
2023-10-14,2023-10-29,12,kemarau,tanah berpasir,250,9.4,1133,9.0
2023-06-16,2023-06-30,23,hujan,lempung,475,2.3,278,2.2
2023-03-16,2023-03-30,15,hujan,lempung,293,9.2,1107,15.4
2023-09-14,2023-09-28,17,kemarau,lempung,212,2.8,334,3.0
2023-04-16,2023-04-30,20,hujan,tanah berpasir,474,2.7,320,5.6
2023-01-16,2023-01-30,14,kemarau,tanah liat,222,4.2,505,5.3
2023-05-15,2023-05-28,13,hujan,lempung,243,5.0,599,3.2
2023-04-16,2023-04-29,22,hujan,lempung,121,5.8,694,4.9
2023-03-15,2023-03-29,20,hujan,tanah liat,492,3.1,371,6.8
2023-01-14,2023-01-27,18,kemarau,tanah liat,280,7.6,913,11.9
2023-03-14,2023-03-28,15,hujan,tanah berpasir,292,2.4,284,2.8
2023-05-16,2023-05-31,23,kemarau,tanah liat,437,4.0,482,5.9
2023-04-15,2023-04-28,7,hujan,tanah berpasir,126,6.5,774,13.8
2023-05-15,2023-05-29,9,hujan,tanah liat,147,2.8,337,4.9
2023-11-14,2023-11-28,18,hujan,tanah berpasir,212,2.1,253,3.3
2023-10-14,2023-10-28,21,hujan,tanah berpasir,419,8.3,993,16.7
2023-12-16,2023-12-30,25,hujan,tanah liat,428,5.1,613,5.6
2023-09-15,2023-09-30,16,hujan,lempung,124,2.0,240,2.8
2023-06-15,2023-06-30,15,kemarau,tanah berpasir,110,4.9,583,6.4
2023-12-15,2023-12-30,19,kemarau,tanah liat,254,2.1,257,2.8
2023-05-14,2023-05-29,18,hujan,tanah berpasir,101,7.1,851,10.5
2023-03-14,2023-03-29,19,kemarau,tanah berpasir,128,5.9,707,9.2
2023-10-16,2023-10-31,15,hujan,lempung,258,1.8,220,2.4
2023-04-15,2023-04-28,22,hujan,lempung,448,9.4,1125,17.1
2023-10-15,2023-10-29,24,kemarau,tanah berpasir,119,2.9,353,3.5
2023-08-15,2023-08-30,21,kemarau,tanah liat,479,9.9,1185,7.9
2023-07-15,2023-07-28,24,hujan,tanah berpasir,484,8.0,962,12.9
2023-08-16,2023-08-29,24,kemarau,tanah berpasir,446,7.2,858,6.7
2023-12-16,2023-12-30,12,hujan,lempung,217,1.6,190,1.9
2023-04-15,2023-04-30,8,hujan,tanah liat,121,4.1,494,6.7
2023-12-16,2023-12-31,13,kemarau,lempung,294,8.9,1063,7.5
2023-12-14,2023-12-28,22,hujan,lempung,462,7.8,932,16.9
2023-05-15,2023-05-30,16,hujan,tanah berpasir,230,3.1,375,2.3
2023-01-15,2023-01-28,9,kemarau,tanah berpasir,118,9.2,1099,6.0
2023-08-15,2023-08-28,17,hujan,tanah berpasir,273,9.2,1099,18.1
2023-03-16,2023-03-29,16,hujan,lempung,202,10.0,1196,8.1
2023-05-15,2023-05-30,21,kemarau,tanah berpasir,487,4.9,589,4.3
2023-12-16,2023-12-31,7,kemarau,tanah liat,128,7.2,858,5.9
2023-11-15,2023-11-28,19,kemarau,tanah berpasir,229,3.5,418,4.6
2023-08-16,2023-08-31,7,hujan,tanah berpasir,110,5.5,655,4.1
2023-01-15,2023-01-28,8,kemarau,lempung,130,8.2,989,7.8
2023-12-15,2023-12-30,12,kemarau,lempung,207,9.4,1122,7.2
2023-06-14,2023-06-28,14,hujan,tanah berpasir,222,7.4,882,14.1
2023-09-14,2023-09-27,19,hujan,tanah berpasir,221,2.1,257,4.9
2023-03-15,2023-03-29,18,hujan,tanah liat,259,8.9,1067,8.1
2023-07-15,2023-07-28,14,hujan,lempung,282,2.7,323,6.3
2023-07-16,2023-07-30,11,kemarau,tanah liat,292,3.1,366,4.0
2023-08-15,2023-08-30,12,kemarau,tanah liat,231,8.1,972,8.3
2023-10-16,2023-10-29,23,hujan,tanah liat,468,5.7,679,12.1
2023-10-14,2023-10-29,12,kemarau,tanah berpasir,243,7.3,876,5.6
2023-07-15,2023-07-28,7,kemarau,tanah berpasir,147,6.4,762,7.5
2023-10-16,2023-10-30,15,hujan,tanah liat,276,9.3,1117,8.2
2023-08-14,2023-08-27,7,hujan,tanah liat,139,4.7,558,10.3
2023-07-16,2023-07-29,9,kemarau,lempung,138,2.2,261,2.9
2023-09-14,2023-09-29,14,hujan,lempung,258,5.4,647,12.7
2023-11-14,2023-11-28,21,hujan,tanah liat,135,4.5,539,2.8
2023-11-14,2023-11-28,10,hujan,tanah liat,126,4.0,482,5.5
2023-06-16,2023-06-30,23,hujan,tanah liat,419,5.9,709,10.3
2023-02-16,2023-02-28,19,kemarau,tanah berpasir,243,3.5,422,2.6
2023-03-15,2023-03-30,16,kemarau,tanah liat,225,9.5,1145,11.0
2023-09-16,2023-09-29,7,hujan,lempung,117,5.2,622,5.3
2023-09-15,2023-09-28,19,kemarau,tanah berpasir,222,1.9,232,1.6
2023-07-16,2023-07-30,17,kemarau,tanah liat,224,4.1,490,5.6
2023-09-15,2023-09-29,8,kemarau,tanah liat,122,7.7,918,7.8
2023-09-16,2023-09-29,19,kemarau,tanah berpasir,292,7.7,921,12.1
2023-07-14,2023-07-28,19,kemarau,tanah berpasir,232,1.6,193,0.7
2023-05-14,2023-05-27,17,kemarau,tanah berpasir,251,5.5,663,7.3
2023-12-16,2023-12-31,22,hujan,tanah liat,479,4.1,491,4.1
2023-06-14,2023-06-28,20,kemarau,tanah berpasir,426,1.3,154,0.6
2023-10-16,2023-10-30,16,hujan,lempung,123,7.2,867,8.0
2023-07-15,2023-07-29,11,kemarau,tanah berpasir,212,1.1,127,1.6
2023-11-15,2023-11-30,6,kemarau,tanah berpasir,110,1.8,212,0.8
2023-09-15,2023-09-30,16,kemarau,tanah liat,259,3.0,354,4.4
2023-06-14,2023-06-28,21,kemarau,tanah liat,482,1.0,124,0.9
2023-04-16,2023-04-30,15,hujan,tanah berpasir,277,9.1,1091,7.1
2023-01-14,2023-01-29,18,kemarau,tanah liat,250,2.8,331,3.6
2023-07-16,2023-07-31,17,kemarau,lempung,214,2.1,254,1.6
2023-10-15,2023-10-28,15,hujan,lempung,256,6.1,728,6.1
2023-01-15,2023-01-28,18,hujan,tanah berpasir,211,7.6,906,11.7
2023-12-15,2023-12-28,12,kemarau,tanah berpasir,121,7.0,839,9.9
2023-05-16,2023-05-30,14,kemarau,lempung,248,9.2,1104,3.7
2023-08-15,2023-08-29,20,kemarau,tanah liat,495,9.9,1192,10.4
2023-01-14,2023-01-28,9,kemarau,tanah berpasir,124,8.8,1055,6.7
2023-08-16,2023-08-29,9,hujan,tanah berpasir,115,5.2,620,9.4
2023-02-14,2023-02-28,11,kemarau,tanah liat,265,2.0,244,2.9
2023-12-16,2023-12-30,10,kemarau,tanah liat,148,1.7,199,0.8
2023-08-15,2023-08-30,16,kemarau,tanah berpasir,263,1.4,173,1.1
2023-08-16,2023-08-29,21,hujan,lempung,411,3.8,452,7.7
2023-03-15,2023-03-30,7,hujan,lempung,102,4.7,560,6.0
2023-12-15,2023-12-30,17,kemarau,tanah berpasir,253,9.5,1140,10.6
2023-11-15,2023-11-29,21,kemarau,tanah berpasir,493,6.8,821,5.7
2023-03-15,2023-03-29,17,hujan,tanah berpasir,258,4.8,577,9.5
2023-02-14,2023-02-28,6,kemarau,lempung,113,1.3,154,1.4
2023-06-14,2023-06-29,14,kemarau,tanah liat,225,3.2,386,2.3
2023-08-14,2023-08-29,22,kemarau,tanah berpasir,445,3.7,441,4.9
2023-01-14,2023-01-28,15,hujan,lempung,112,6.4,772,10.0
2023-07-14,2023-07-29,17,kemarau,tanah liat,273,1.1,132,0.9
2023-10-14,2023-10-28,19,hujan,tanah liat,290,4.1,497,2.7
2023-10-16,2023-10-31,19,kemarau,tanah liat,240,8.0,958,11.7
2023-08-15,2023-08-30,8,hujan,tanah liat,110,5.9,711,8.1
2023-12-16,2023-12-30,9,hujan,tanah liat,123,5.3,637,11.8
2023-10-15,2023-10-29,13,hujan,tanah berpasir,204,8.6,1034,14.4
2023-02-14,2023-02-27,16,hujan,tanah berpasir,141,4.7,564,9.9
2023-06-15,2023-06-28,21,hujan,tanah liat,445,6.3,758,7.0
2023-07-15,2023-07-30,14,hujan,tanah liat,251,7.1,846,9.1
2023-11-15,2023-11-29,11,kemarau,lempung,205,9.7,1160,11.9
2023-01-14,2023-01-28,18,hujan,tanah liat,239,7.5,894,14.8
2023-08-14,2023-08-27,14,hujan,lempung,213,2.9,351,6.9
2023-03-16,2023-03-29,7,kemarau,tanah liat,108,6.4,762,8.2
2023-02-16,2023-02-28,22,hujan,lempung,443,5.9,705,8.4
2023-04-15,2023-04-30,18,hujan,tanah liat,271,9.7,1159,15.2
2023-09-14,2023-09-28,13,kemarau,tanah berpasir,112,4.3,513,6.4
2023-06-14,2023-06-27,8,hujan,lempung,109,4.4,533,10.4
2023-07-15,2023-07-28,8,hujan,tanah berpasir,120,8.9,1067,6.6
2023-11-14,2023-11-28,17,hujan,lempung,127,3.9,466,8.2
2023-07-14,2023-07-28,24,kemarau,tanah berpasir,438,5.5,655,8.4
2023-06-15,2023-06-28,21,hujan,tanah liat,461,1.7,209,2.4
2023-07-15,2023-07-30,15,kemarau,tanah liat,228,6.9,830,8.8
2023-06-14,2023-06-27,7,hujan,tanah liat,118,6.3,754,12.4
2023-05-15,2023-05-29,17,hujan,tanah berpasir,218,8.2,985,12.0
2023-10-15,2023-10-30,12,kemarau,lempung,289,4.7,569,3.7
2023-01-16,2023-01-29,19,hujan,lempung,280,7.9,944,17.9
2023-03-15,2023-03-28,13,hujan,tanah liat,274,8.6,1026,10.3
2023-02-16,2023-02-28,10,kemarau,tanah berpasir,134,5.6,672,8.3
2023-09-15,2023-09-30,13,hujan,tanah liat,279,3.5,415,7.1
2023-06-16,2023-06-29,15,kemarau,tanah berpasir,283,8.9,1071,10.6
2023-09-14,2023-09-29,9,kemarau,lempung,143,7.6,911,7.6
2023-06-15,2023-06-30,25,hujan,lempung,490,1.8,210,2.9
2023-10-14,2023-10-27,24,hujan,tanah berpasir,464,4.7,569,8.7
2023-06-16,2023-06-30,11,kemarau,tanah liat,106,8.3,995,10.0
2023-02-14,2023-02-28,10,hujan,tanah liat,137,9.6,1152,10.1
2023-10-16,2023-10-29,19,hujan,lempung,227,1.4,169,3.3
2023-06-16,2023-06-30,22,hujan,tanah liat,408,6.5,783,13.3
2023-09-14,2023-09-28,8,kemarau,tanah berpasir,140,8.1,977,9.6
2023-08-14,2023-08-27,23,kemarau,lempung,474,7.2,868,10.0
2023-01-15,2023-01-30,7,hujan,lempung,120,1.9,224,2.4
2023-02-15,2023-02-28,17,hujan,lempung,239,2.5,296,3.8
2023-11-15,2023-11-29,10,kemarau,lempung,102,8.0,959,11.6
2023-08-16,2023-08-30,6,kemarau,lempung,111,9.2,1098,13.4
2023-11-15,2023-11-28,14,kemarau,tanah berpasir,249,9.7,1167,13.3
2023-01-15,2023-01-30,25,kemarau,tanah berpasir,403,2.7,325,2.7
2023-09-14,2023-09-28,9,kemarau,tanah liat,126,1.8,217,1.3
2023-07-14,2023-07-29,17,hujan,tanah berpasir,228,2.7,329,4.0
2023-10-16,2023-10-31,18,kemarau,tanah berpasir,296,8.2,979,8.4
2023-09-15,2023-09-30,7,kemarau,tanah berpasir,127,4.2,509,5.7
2023-03-14,2023-03-29,15,kemarau,lempung,134,2.1,250,3.1
2023-05-16,2023-05-29,10,kemarau,tanah berpasir,138,7.9,945,7.4
2023-06-16,2023-06-30,5,kemarau,tanah berpasir,100,5.6,675,6.2
2023-07-14,2023-07-28,24,hujan,tanah berpasir,487,8.5,1016,9.4
2023-11-14,2023-11-28,12,kemarau,tanah berpasir,110,2.3,280,2.7
2023-06-16,2023-06-30,19,kemarau,lempung,289,9.6,1152,11.3
2023-03-14,2023-03-27,9,hujan,lempung,101,5.2,625,6.6
2023-06-14,2023-06-29,11,hujan,lempung,277,2.5,303,2.5
2023-12-14,2023-12-29,13,kemarau,tanah liat,132,5.1,612,7.8
2023-06-16,2023-06-30,25,kemarau,tanah liat,475,3.9,470,3.5
2023-08-15,2023-08-28,13,hujan,tanah berpasir,229,2.8,337,2.8
2023-12-14,2023-12-29,7,hujan,tanah liat,101,4.3,521,7.1
2023-01-16,2023-01-29,17,kemarau,tanah liat,201,3.0,364,3.6
2023-04-14,2023-04-29,15,hujan,tanah liat,116,6.8,815,14.3
2023-08-16,2023-08-31,23,hujan,lempung,443,3.5,424,5.1
2023-01-14,2023-01-29,22,kemarau,lempung,429,5.7,687,8.8
2023-02-16,2023-02-28,15,hujan,tanah liat,207,2.5,294,3.0
2023-07-14,2023-07-27,19,kemarau,tanah berpasir,236,9.4,1124,12.1
2023-04-15,2023-04-28,14,hujan,lempung,251,1.9,226,4.4
2023-09-16,2023-09-29,16,kemarau,lempung,233,8.9,1069,3.9
2023-06-15,2023-06-30,21,hujan,lempung,493,2.8,333,4.5
2023-08-16,2023-08-31,13,kemarau,lempung,219,2.3,270,2.8
2023-06-16,2023-06-29,10,hujan,tanah berpasir,141,9.4,1124,8.8
2023-12-15,2023-12-30,23,kemarau,tanah berpasir,426,9.2,1109,6.2
2023-12-14,2023-12-27,12,kemarau,tanah berpasir,297,6.5,784,6.1
2023-08-14,2023-08-28,22,hujan,lempung,412,6.2,744,8.7
2023-07-15,2023-07-30,23,kemarau,tanah berpasir,442,6.3,759,5.8
2023-03-16,2023-03-29,12,hujan,lempung,222,3.2,381,6.6
2023-06-15,2023-06-30,9,kemarau,tanah berpasir,147,5.1,608,7.7
2023-08-14,2023-08-27,4,hujan,lempung,128,2.5,295,3.0
2023-11-16,2023-11-30,20,hujan,tanah liat,468,3.2,378,2.3
2023-09-16,2023-09-29,13,hujan,tanah liat,131,4.2,509,8.8
2023-03-16,2023-03-31,18,kemarau,tanah berpasir,258,4.7,567,4.2
2023-04-16,2023-04-29,16,hujan,tanah liat,134,1.4,167,1.0
2023-08-15,2023-08-29,15,kemarau,tanah berpasir,217,1.9,230,1.2
2023-01-15,2023-01-29,10,kemarau,lempung,129,4.8,575,4.4
2023-11-16,2023-11-30,10,kemarau,tanah liat,142,1.5,180,0.8
2023-03-15,2023-03-28,22,hujan,tanah berpasir,481,9.9,1183,13.1
2023-10-16,2023-10-30,14,kemarau,tanah berpasir,103,7.9,949,11.8
2023-08-14,2023-08-29,9,hujan,tanah berpasir,140,6.8,817,13.2
2023-04-14,2023-04-27,16,hujan,tanah berpasir,135,5.7,680,9.8
2023-03-16,2023-03-29,17,kemarau,lempung,253,1.4,168,1.8
2023-12-15,2023-12-30,22,hujan,tanah berpasir,420,1.3,151,1.9
2023-02-16,2023-02-28,20,hujan,lempung,444,4.6,551,7.0
2023-07-16,2023-07-31,9,kemarau,tanah liat,134,3.9,470,4.4
2023-02-15,2023-02-28,14,kemarau,tanah liat,139,8.6,1027,4.1
2023-03-15,2023-03-30,13,kemarau,lempung,225,4.8,570,2.4
2023-05-14,2023-05-28,9,hujan,tanah liat,147,2.2,267,4.7
2023-02-16,2023-02-28,17,kemarau,tanah liat,227,9.8,1171,11.9
2023-08-14,2023-08-29,21,hujan,lempung,462,3.7,445,5.4
2023-07-14,2023-07-29,22,kemarau,tanah liat,498,7.4,889,4.3
2023-09-16,2023-09-29,17,kemarau,tanah liat,248,3.4,404,5.0
2023-05-14,2023-05-28,21,kemarau,lempung,446,7.6,917,3.9
2023-11-16,2023-11-29,17,hujan,tanah liat,267,6.8,812,15.8
2023-06-14,2023-06-27,14,hujan,tanah liat,227,5.5,662,12.0
2023-06-16,2023-06-30,15,hujan,lempung,261,9.0,1083,14.2
2023-08-15,2023-08-28,13,kemarau,tanah berpasir,234,4.8,581,2.0
2023-11-15,2023-11-30,13,kemarau,tanah berpasir,247,1.9,227,1.8
2023-01-15,2023-01-29,8,kemarau,tanah liat,102,7.2,868,3.8
2023-11-16,2023-11-29,23,kemarau,lempung,499,3.9,464,2.0
2023-11-15,2023-11-28,21,hujan,tanah berpasir,488,8.9,1069,7.3
2023-10-16,2023-10-30,7,kemarau,tanah berpasir,115,5.1,606,4.8
2023-06-14,2023-06-29,22,kemarau,tanah berpasir,420,8.2,982,8.3
2023-09-15,2023-09-30,18,kemarau,tanah liat,244,3.0,357,2.7
2023-03-14,2023-03-28,14,hujan,tanah liat,104,7.6,917,10.0
2023-08-15,2023-08-29,17,hujan,tanah berpasir,239,9.2,1099,14.7
2023-09-16,2023-09-29,19,kemarau,tanah berpasir,148,4.8,581,6.7
2023-08-16,2023-08-30,22,kemarau,lempung,492,7.7,923,3.9
2023-01-14,2023-01-27,15,kemarau,lempung,293,2.5,298,2.6
2023-05-15,2023-05-28,7,hujan,lempung,141,8.1,966,11.4
2023-05-16,2023-05-31,24,hujan,lempung,494,4.0,485,7.0
2023-02-16,2023-02-28,13,kemarau,lempung,120,8.1,967,7.2
2023-02-15,2023-02-28,23,hujan,tanah berpasir,413,6.8,818,16.0
2023-05-14,2023-05-29,21,hujan,tanah liat,464,3.7,444,6.9
2023-09-16,2023-09-30,14,kemarau,tanah liat,100,6.4,770,9.7
2023-09-14,2023-09-27,6,hujan,tanah liat,102,6.2,744,6.0
2023-03-14,2023-03-29,7,kemarau,lempung,120,8.1,976,12.5
2023-02-14,2023-02-27,13,hujan,tanah berpasir,288,4.3,511,2.6
2023-09-16,2023-09-30,1,hujan,tanah liat,132,3.5,416,7.9
2023-09-15,2023-09-30,17,kemarau,lempung,217,6.2,742,8.3
2023-04-15,2023-04-30,17,kemarau,tanah berpasir,203,1.5,178,1.0
2023-06-16,2023-06-30,9,hujan,lempung,113,4.9,591,4.4
2023-05-14,2023-05-29,13,hujan,tanah berpasir,220,6.5,778,8.7
2023-01-15,2023-01-28,14,kemarau,lempung,245,9.3,1120,8.5
2023-01-14,2023-01-27,20,hujan,tanah liat,485,7.0,841,11.2
2023-07-16,2023-07-31,23,hujan,tanah liat,434,8.0,963,7.2
2023-08-15,2023-08-29,11,kemarau,tanah liat,256,2.5,302,3.2
2023-03-16,2023-03-29,15,kemarau,tanah berpasir,122,1.4,171,1.9
2023-12-16,2023-12-29,15,kemarau,tanah berpasir,218,9.9,1187,15.1
2023-07-14,2023-07-27,23,kemarau,tanah liat,412,8.4,1011,7.5
2023-09-14,2023-09-28,24,hujan,tanah berpasir,488,1.6,197,3.2
2023-05-16,2023-05-30,20,hujan,tanah liat,462,3.9,473,6.9
2023-04-15,2023-04-30,14,hujan,tanah liat,230,1.6,187,2.4
2023-02-16,2023-02-28,21,kemarau,lempung,460,8.4,1007,6.6
2023-04-14,2023-04-28,21,kemarau,lempung,498,6.4,766,2.8
2023-12-15,2023-12-30,25,kemarau,lempung,494,8.2,988,5.4
2023-05-15,2023-05-30,21,kemarau,tanah liat,473,5.9,711,4.1
2023-10-14,2023-10-29,18,hujan,lempung,270,3.1,371,3.2
2023-05-14,2023-05-29,11,kemarau,tanah berpasir,143,1.2,139,1.6
2023-02-14,2023-02-28,20,hujan,tanah berpasir,439,5.7,681,10.5
2023-09-14,2023-09-27,8,kemarau,tanah liat,150,5.2,618,4.9
2023-12-15,2023-12-28,13,hujan,lempung,290,8.4,1009,9.4
2023-08-15,2023-08-30,13,kemarau,tanah liat,258,2.4,292,2.8
2023-09-15,2023-09-29,8,kemarau,tanah berpasir,146,8.8,1061,13.6
2023-08-15,2023-08-30,18,hujan,tanah liat,237,6.8,819,10.2
2023-05-14,2023-05-27,4,kemarau,tanah berpasir,108,3.2,386,1.5
2023-06-14,2023-06-28,19,hujan,tanah liat,243,4.3,510,4.5
2023-03-16,2023-03-29,10,hujan,lempung,130,6.8,813,15.2
2023-09-14,2023-09-27,5,hujan,lempung,100,3.8,454,6.5
2023-11-15,2023-11-30,3,hujan,tanah liat,108,3.8,453,2.5
2023-10-16,2023-10-31,11,kemarau,tanah liat,292,5.8,699,7.1
2023-11-14,2023-11-28,16,kemarau,tanah liat,144,7.2,860,9.5
2023-12-16,2023-12-31,12,kemarau,lempung,208,9.6,1148,12.8
2023-11-15,2023-11-30,25,hujan,tanah liat,460,3.9,468,6.4
2023-06-14,2023-06-28,20,kemarau,lempung,421,8.7,1047,13.5
2023-07-14,2023-07-29,5,hujan,tanah liat,116,5.9,704,8.8
2023-07-16,2023-07-30,7,kemarau,lempung,147,3.0,361,3.7
2023-05-15,2023-05-30,21,hujan,tanah berpasir,483,3.7,441,2.3
2023-12-16,2023-12-31,13,hujan,tanah liat,276,7.1,856,6.8
2023-02-16,2023-02-28,5,kemarau,tanah liat,148,7.9,952,4.1
2023-06-15,2023-06-30,9,kemarau,tanah berpasir,129,2.7,324,3.6
2023-02-16,2023-02-28,22,kemarau,tanah liat,127,9.9,1188,6.4
2023-08-14,2023-08-27,22,kemarau,lempung,439,8.8,1056,11.9
2023-05-15,2023-05-28,9,hujan,lempung,132,8.4,1004,9.9
2023-05-15,2023-05-29,21,hujan,tanah liat,463,4.7,563,5.8
2023-08-14,2023-08-29,21,kemarau,lempung,498,2.8,333,2.5
2023-09-16,2023-09-30,12,kemarau,tanah liat,139,2.6,307,3.8
2023-03-14,2023-03-29,21,hujan,tanah liat,476,2.4,289,3.2
2023-01-16,2023-01-30,22,kemarau,lempung,432,6.1,731,3.0
2023-09-15,2023-09-28,20,kemarau,tanah berpasir,402,9.9,1182,6.1
2023-02-16,2023-02-28,8,kemarau,tanah liat,135,1.1,131,0.7
2023-04-14,2023-04-29,16,kemarau,tanah berpasir,295,2.5,298,1.4
2023-08-15,2023-08-30,9,hujan,tanah liat,144,6.0,721,7.4
2023-10-16,2023-10-31,15,kemarau,lempung,268,2.9,342,2.5
2023-06-16,2023-06-30,22,hujan,tanah berpasir,444,9.5,1139,14.4
2023-04-16,2023-04-29,6,kemarau,tanah liat,132,6.7,808,9.8
2023-03-15,2023-03-28,19,kemarau,tanah berpasir,218,2.3,281,3.0
2023-07-14,2023-07-29,22,hujan,lempung,441,1.5,182,2.4
2023-06-15,2023-06-29,16,hujan,tanah berpasir,116,4.2,509,6.9
2023-10-16,2023-10-29,4,hujan,tanah liat,127,2.9,349,6.7
2023-09-14,2023-09-29,24,kemarau,tanah berpasir,100,8.7,1044,6.9
2023-03-14,2023-03-29,22,hujan,lempung,438,8.5,1024,12.6
2023-10-16,2023-10-29,14,hujan,tanah liat,268,7.4,882,4.6
2023-09-15,2023-09-30,8,hujan,lempung,121,7.1,848,5.7
2023-01-16,2023-01-30,16,hujan,tanah berpasir,296,1.6,195,1.5
2023-07-15,2023-07-29,20,hujan,tanah liat,494,3.0,361,7.0
2023-07-14,2023-07-28,14,hujan,tanah liat,121,2.8,330,5.7
2023-11-16,2023-11-30,18,kemarau,tanah berpasir,235,4.7,567,5.7
2023-07-15,2023-07-28,23,hujan,tanah liat,445,4.3,521,5.8
2023-03-16,2023-03-31,10,kemarau,lempung,101,4.2,507,2.7
2023-04-15,2023-04-29,23,kemarau,tanah liat,404,2.1,247,1.2
2023-06-14,2023-06-27,18,hujan,lempung,217,5.4,649,7.8
2023-09-16,2023-09-29,17,hujan,tanah berpasir,224,4.9,593,5.8
2023-09-15,2023-09-29,7,kemarau,tanah liat,141,1.6,196,1.8
2023-03-14,2023-03-27,24,hujan,lempung,436,4.4,531,3.9
2023-01-14,2023-01-29,18,hujan,tanah berpasir,263,8.1,969,16.2
2023-03-16,2023-03-31,9,hujan,tanah liat,146,6.7,808,11.3
2023-02-16,2023-02-28,12,kemarau,tanah liat,147,5.1,609,6.5
2023-12-15,2023-12-30,15,kemarau,tanah liat,113,2.0,236,2.6
2023-02-15,2023-02-28,12,kemarau,lempung,250,7.8,935,6.8
2023-01-14,2023-01-27,21,hujan,tanah liat,494,1.4,166,2.4
2023-07-14,2023-07-29,11,kemarau,tanah liat,210,2.1,254,3.0
2023-12-14,2023-12-28,15,kemarau,tanah berpasir,259,1.6,194,1.5
2023-05-14,2023-05-28,23,kemarau,tanah berpasir,421,6.6,789,5.4
2023-01-15,2023-01-30,24,kemarau,lempung,449,7.4,885,3.6
2023-01-15,2023-01-30,21,kemarau,tanah liat,428,1.8,214,0.8
2023-12-14,2023-12-27,21,kemarau,tanah berpasir,464,3.4,412,2.5
2023-12-16,2023-12-29,23,hujan,lempung,486,5.3,638,5.0
2023-07-16,2023-07-31,17,hujan,lempung,117,9.5,1136,17.4
2023-03-16,2023-03-31,13,hujan,tanah liat,285,2.4,286,3.1
2023-02-16,2023-02-28,11,kemarau,tanah liat,289,4.9,586,5.6
2023-12-14,2023-12-28,16,kemarau,tanah liat,273,5.9,704,8.1
2023-06-15,2023-06-28,16,kemarau,lempung,250,1.1,129,1.0
2023-06-15,2023-06-29,11,hujan,lempung,129,4.6,548,10.1
2023-02-15,2023-02-28,23,kemarau,tanah liat,453,3.1,368,1.5
2023-09-15,2023-09-28,8,hujan,tanah liat,124,1.5,183,2.0
2023-03-16,2023-03-29,15,kemarau,tanah berpasir,146,5.8,692,2.7
2023-12-15,2023-12-28,13,hujan,lempung,253,9.7,1159,19.4
2023-06-15,2023-06-29,8,hujan,tanah liat,113,5.6,676,8.7
2023-12-15,2023-12-30,9,kemarau,tanah berpasir,111,6.0,725,4.6
2023-06-15,2023-06-28,12,hujan,tanah berpasir,225,4.6,553,11.0
2023-05-16,2023-05-31,7,hujan,lempung,130,1.8,216,3.9
2023-02-14,2023-02-27,6,hujan,tanah liat,117,9.5,1140,18.0
2023-05-16,2023-05-31,10,hujan,tanah berpasir,107,3.9,465,5.4
2023-02-16,2023-02-28,9,kemarau,lempung,113,3.3,399,3.0
2023-01-16,2023-01-30,15,hujan,lempung,286,8.9,1063,10.8
2023-01-16,2023-01-31,4,kemarau,tanah liat,131,1.2,148,1.9
2023-08-15,2023-08-30,7,hujan,lempung,109,2.3,273,3.2
2023-03-14,2023-03-29,14,hujan,lempung,299,8.1,973,16.9
2023-05-15,2023-05-30,12,kemarau,tanah berpasir,251,8.7,1041,4.1
2023-10-16,2023-10-29,11,hujan,tanah liat,224,1.7,207,2.5
2023-07-15,2023-07-30,24,kemarau,tanah liat,479,5.7,679,5.0
2023-08-16,2023-08-31,11,kemarau,tanah liat,129,9.5,1137,7.2
2023-10-16,2023-10-30,16,kemarau,lempung,104,4.2,499,5.0
2023-06-16,2023-06-29,8,hujan,tanah liat,120,1.1,137,2.5
2023-02-15,2023-02-28,23,hujan,tanah berpasir,465,4.4,532,9.6
2023-11-16,2023-11-29,24,hujan,tanah berpasir,484,4.3,514,5.7
2023-09-16,2023-09-30,7,hujan,tanah liat,122,2.1,247,3.7
2023-11-14,2023-11-29,9,hujan,tanah liat,115,2.9,352,6.1
2023-05-15,2023-05-29,14,kemarau,lempung,233,4.8,571,5.7
2023-02-15,2023-02-28,13,hujan,tanah liat,252,2.5,305,1.8
2023-07-14,2023-07-29,18,hujan,tanah liat,226,2.4,290,3.4
2023-03-14,2023-03-29,12,hujan,tanah berpasir,266,9.9,1182,13.9
2023-08-16,2023-08-31,16,kemarau,tanah berpasir,143,8.2,980,6.4
2023-04-16,2023-04-29,24,kemarau,tanah liat,415,6.1,735,7.0
2023-04-15,2023-04-29,24,kemarau,tanah berpasir,490,1.7,200,1.5
2023-03-16,2023-03-30,20,kemarau,lempung,444,1.6,195,0.7
2023-06-15,2023-06-29,15,kemarau,tanah berpasir,257,8.4,1011,6.0
2023-06-15,2023-06-29,16,kemarau,tanah liat,290,7.1,856,3.1
2023-11-16,2023-11-30,7,hujan,tanah berpasir,130,9.8,1181,20.1
2023-04-14,2023-04-27,9,kemarau,lempung,114,1.4,173,1.2
2023-02-15,2023-02-28,20,kemarau,tanah liat,453,1.6,195,1.1
2023-04-15,2023-04-30,20,hujan,tanah liat,415,8.0,963,13.4
2023-07-16,2023-07-29,15,kemarau,tanah liat,109,7.7,920,5.2
2023-02-14,2023-02-28,24,hujan,tanah berpasir,407,10.0,1199,13.2
2023-05-14,2023-05-28,18,hujan,tanah berpasir,285,9.3,1113,12.5
2023-06-16,2023-06-30,15,hujan,tanah berpasir,287,1.5,184,3.5
2023-06-16,2023-06-30,17,hujan,tanah berpasir,268,6.2,745,4.9
2023-02-14,2023-02-28,11,hujan,tanah liat,285,1.3,161,1.5
2023-10-16,2023-10-31,13,kemarau,tanah berpasir,221,2.5,298,2.3
2023-05-15,2023-05-28,22,kemarau,lempung,458,5.6,668,4.7
2023-02-16,2023-02-28,12,hujan,tanah liat,136,1.8,214,1.5
2023-06-14,2023-06-27,22,hujan,tanah berpasir,480,8.5,1024,18.1
2023-05-16,2023-05-30,8,kemarau,tanah berpasir,146,8.6,1026,12.1
2023-02-14,2023-02-27,16,hujan,tanah berpasir,253,5.3,630,3.9
2023-10-16,2023-10-31,9,kemarau,lempung,104,4.9,585,6.1
2023-02-14,2023-02-28,21,hujan,tanah liat,476,6.7,800,7.7
2023-07-16,2023-07-29,21,kemarau,lempung,436,8.3,992,12.6
2023-11-14,2023-11-27,21,kemarau,tanah liat,416,4.5,543,2.5
2023-06-15,2023-06-30,13,kemarau,lempung,136,8.0,962,6.1
2023-09-14,2023-09-29,17,hujan,lempung,102,6.7,809,7.7
2023-07-14,2023-07-29,17,hujan,tanah liat,240,5.9,711,10.9
2023-09-14,2023-09-27,25,kemarau,lempung,423,6.8,813,3.3
2023-08-16,2023-08-31,17,hujan,tanah liat,212,6.5,782,4.5
2023-05-14,2023-05-28,13,hujan,tanah liat,298,7.7,920,8.6
2023-12-15,2023-12-28,25,hujan,lempung,402,3.2,389,5.2
2023-09-15,2023-09-30,25,hujan,tanah berpasir,456,7.1,853,10.3
2023-06-16,2023-06-29,8,kemarau,lempung,108,9.5,1142,4.4
2023-09-14,2023-09-28,17,kemarau,tanah berpasir,203,9.8,1172,11.1
2023-05-15,2023-05-29,9,hujan,tanah liat,148,4.7,563,10.8
2023-12-16,2023-12-31,9,kemarau,tanah berpasir,116,8.8,1060,7.5
2023-03-15,2023-03-28,11,kemarau,tanah berpasir,295,2.1,256,2.4
2023-07-16,2023-07-31,4,hujan,lempung,110,4.5,537,5.4
2023-05-16,2023-05-31,22,hujan,tanah berpasir,482,7.5,895,16.9
2023-03-15,2023-03-29,24,hujan,tanah liat,401,5.4,647,10.8
2023-02-14,2023-02-28,14,kemarau,tanah berpasir,205,5.4,652,6.7
2023-10-16,2023-10-30,16,kemarau,lempung,296,5.8,701,6.8
2023-12-15,2023-12-28,9,hujan,tanah liat,137,4.6,547,8.5
2023-07-14,2023-07-29,17,hujan,tanah berpasir,274,9.7,1162,22.4
2023-11-14,2023-11-28,2,hujan,tanah berpasir,114,1.6,196,3.0
2023-07-16,2023-07-29,17,kemarau,lempung,264,10.0,1196,9.3
2023-10-16,2023-10-29,23,hujan,lempung,442,2.5,301,5.9
2023-12-14,2023-12-28,20,kemarau,lempung,411,5.2,618,4.6
2023-12-14,2023-12-28,14,hujan,lempung,216,7.1,851,8.0
2023-04-15,2023-04-30,11,kemarau,tanah berpasir,223,2.0,240,2.2
2023-09-15,2023-09-28,5,kemarau,tanah berpasir,100,3.0,357,4.5
2023-02-14,2023-02-28,16,kemarau,lempung,291,6.7,800,6.8
2023-12-15,2023-12-29,15,kemarau,tanah berpasir,143,3.5,418,4.5
2023-01-16,2023-01-29,10,kemarau,lempung,133,6.5,778,3.3
2023-09-15,2023-09-30,24,kemarau,tanah berpasir,496,6.7,808,3.7
